sample_id,image_filename,x,y,theta_deg,theta_rad
1,frame_0001.png,0.0,-2.0,-45.0,-0.7853981633974483
2,frame_0002.png,0.0,-2.0,-30.0,-0.5235987755982988
3,frame_0003.png,0.0,-2.0,-15.0,-0.2617993877991494
4,frame_0004.png,0.0,-2.0,0.0,0.0
5,frame_0005.png,0.0,-2.0,15.0,0.2617993877991494
6,frame_0006.png,0.0,-2.0,30.0,0.5235987755982988
7,frame_0007.png,0.0,-2.0,45.0,0.7853981633974483
8,frame_0008.png,0.0,-1.75,-45.0,-0.7853981633974483
9,frame_0009.png,0.0,-1.75,-30.0,-0.5235987755982988
10,frame_0010.png,0.0,-1.75,-15.0,-0.2617993877991494
11,frame_0011.png,0.0,-1.75,0.0,0.0
12,frame_0012.png,0.0,-1.75,15.0,0.2617993877991494
13,frame_0013.png,0.0,-1.75,30.0,0.5235987755982988
14,frame_0014.png,0.0,-1.75,45.0,0.7853981633974483
15,frame_0015.png,0.0,-1.5,-45.0,-0.7853981633974483
16,frame_0016.png,0.0,-1.5,-30.0,-0.5235987755982988
17,frame_0017.png,0.0,-1.5,-15.0,-0.2617993877991494
18,frame_0018.png,0.0,-1.5,0.0,0.0
19,frame_0019.png,0.0,-1.5,15.0,0.2617993877991494
20,frame_0020.png,0.0,-1.5,30.0,0.5235987755982988
21,frame_0021.png,0.0,-1.5,45.0,0.7853981633974483
22,frame_0022.png,0.0,-1.25,-45.0,-0.7853981633974483
23,frame_0023.png,0.0,-1.25,-30.0,-0.5235987755982988
24,frame_0024.png,0.0,-1.25,-15.0,-0.2617993877991494
25,frame_0025.png,0.0,-1.25,0.0,0.0
26,frame_0026.png,0.0,-1.25,15.0,0.2617993877991494
27,frame_0027.png,0.0,-1.25,30.0,0.5235987755982988
28,frame_0028.png,0.0,-1.25,45.0,0.7853981633974483
29,frame_0029.png,0.0,-1.0,-45.0,-0.7853981633974483
30,frame_0030.png,0.0,-1.0,-30.0,-0.5235987755982988
31,frame_0031.png,0.0,-1.0,-15.0,-0.2617993877991494
32,frame_0032.png,0.0,-1.0,0.0,0.0
33,frame_0033.png,0.0,-1.0,15.0,0.2617993877991494
34,frame_0034.png,0.0,-1.0,30.0,0.5235987755982988
35,frame_0035.png,0.0,-1.0,45.0,0.7853981633974483
36,frame_0036.png,0.25,-2.0,-45.0,-0.7853981633974483
37,frame_0037.png,0.25,-2.0,-30.0,-0.5235987755982988
38,frame_0038.png,0.25,-2.0,-15.0,-0.2617993877991494
39,frame_0039.png,0.25,-2.0,0.0,0.0
40,frame_0040.png,0.25,-2.0,15.0,0.2617993877991494
41,frame_0041.png,0.25,-2.0,30.0,0.5235987755982988
42,frame_0042.png,0.25,-2.0,45.0,0.7853981633974483
43,frame_0043.png,0.25,-1.75,-45.0,-0.7853981633974483
44,frame_0044.png,0.25,-1.75,-30.0,-0.5235987755982988
45,frame_0045.png,0.25,-1.75,-15.0,-0.2617993877991494
46,frame_0046.png,0.25,-1.75,0.0,0.0
47,frame_0047.png,0.25,-1.75,15.0,0.2617993877991494
48,frame_0048.png,0.25,-1.75,30.0,0.5235987755982988
49,frame_0049.png,0.25,-1.75,45.0,0.7853981633974483
50,frame_0050.png,0.25,-1.5,-45.0,-0.7853981633974483
51,frame_0051.png,0.25,-1.5,-30.0,-0.5235987755982988
52,frame_0052.png,0.25,-1.5,-15.0,-0.2617993877991494
53,frame_0053.png,0.25,-1.5,0.0,0.0
54,frame_0054.png,0.25,-1.5,15.0,0.2617993877991494
55,frame_0055.png,0.25,-1.5,30.0,0.5235987755982988
56,frame_0056.png,0.25,-1.5,45.0,0.7853981633974483
57,frame_0057.png,0.25,-1.25,-45.0,-0.7853981633974483
58,frame_0058.png,0.25,-1.25,-30.0,-0.5235987755982988
59,frame_0059.png,0.25,-1.25,-15.0,-0.2617993877991494
60,frame_0060.png,0.25,-1.25,0.0,0.0
61,frame_0061.png,0.25,-1.25,15.0,0.2617993877991494
62,frame_0062.png,0.25,-1.25,30.0,0.5235987755982988
63,frame_0063.png,0.25,-1.25,45.0,0.7853981633974483
64,frame_0064.png,0.25,-1.0,-45.0,-0.7853981633974483
65,frame_0065.png,0.25,-1.0,-30.0,-0.5235987755982988
66,frame_0066.png,0.25,-1.0,-15.0,-0.2617993877991494
67,frame_0067.png,0.25,-1.0,0.0,0.0
68,frame_0068.png,0.25,-1.0,15.0,0.2617993877991494
69,frame_0069.png,0.25,-1.0,30.0,0.5235987755982988
70,frame_0070.png,0.25,-1.0,45.0,0.7853981633974483
71,frame_0071.png,0.5,-2.0,-45.0,-0.7853981633974483
72,frame_0072.png,0.5,-2.0,-30.0,-0.5235987755982988
73,frame_0073.png,0.5,-2.0,-15.0,-0.2617993877991494
74,frame_0074.png,0.5,-2.0,0.0,0.0
75,frame_0075.png,0.5,-2.0,15.0,0.2617993877991494
76,frame_0076.png,0.5,-2.0,30.0,0.5235987755982988
77,frame_0077.png,0.5,-2.0,45.0,0.7853981633974483
78,frame_0078.png,0.5,-1.75,-45.0,-0.7853981633974483
79,frame_0079.png,0.5,-1.75,-30.0,-0.5235987755982988
80,frame_0080.png,0.5,-1.75,-15.0,-0.2617993877991494
81,frame_0081.png,0.5,-1.75,0.0,0.0
82,frame_0082.png,0.5,-1.75,15.0,0.2617993877991494
83,frame_0083.png,0.5,-1.75,30.0,0.5235987755982988
84,frame_0084.png,0.5,-1.75,45.0,0.7853981633974483
85,frame_0085.png,0.5,-1.5,-45.0,-0.7853981633974483
86,frame_0086.png,0.5,-1.5,-30.0,-0.5235987755982988
87,frame_0087.png,0.5,-1.5,-15.0,-0.2617993877991494
88,frame_0088.png,0.5,-1.5,0.0,0.0
89,frame_0089.png,0.5,-1.5,15.0,0.2617993877991494
90,frame_0090.png,0.5,-1.5,30.0,0.5235987755982988
91,frame_0091.png,0.5,-1.5,45.0,0.7853981633974483
92,frame_0092.png,0.5,-1.25,-45.0,-0.7853981633974483
93,frame_0093.png,0.5,-1.25,-30.0,-0.5235987755982988
94,frame_0094.png,0.5,-1.25,-15.0,-0.2617993877991494
95,frame_0095.png,0.5,-1.25,0.0,0.0
96,frame_0096.png,0.5,-1.25,15.0,0.2617993877991494
97,frame_0097.png,0.5,-1.25,30.0,0.5235987755982988
98,frame_0098.png,0.5,-1.25,45.0,0.7853981633974483
99,frame_0099.png,0.5,-1.0,-45.0,-0.7853981633974483
100,frame_0100.png,0.5,-1.0,-30.0,-0.5235987755982988
101,frame_0101.png,0.5,-1.0,-15.0,-0.2617993877991494
102,frame_0102.png,0.5,-1.0,0.0,0.0
103,frame_0103.png,0.5,-1.0,15.0,0.2617993877991494
104,frame_0104.png,0.5,-1.0,30.0,0.5235987755982988
105,frame_0105.png,0.5,-1.0,45.0,0.7853981633974483
106,frame_0106.png,0.75,-2.0,-45.0,-0.7853981633974483
107,frame_0107.png,0.75,-2.0,-30.0,-0.5235987755982988
108,frame_0108.png,0.75,-2.0,-15.0,-0.2617993877991494
109,frame_0109.png,0.75,-2.0,0.0,0.0
110,frame_0110.png,0.75,-2.0,15.0,0.2617993877991494
111,frame_0111.png,0.75,-2.0,30.0,0.5235987755982988
112,frame_0112.png,0.75,-2.0,45.0,0.7853981633974483
113,frame_0113.png,0.75,-1.75,-45.0,-0.7853981633974483
114,frame_0114.png,0.75,-1.75,-30.0,-0.5235987755982988
115,frame_0115.png,0.75,-1.75,-15.0,-0.2617993877991494
116,frame_0116.png,0.75,-1.75,0.0,0.0
117,frame_0117.png,0.75,-1.75,15.0,0.2617993877991494
118,frame_0118.png,0.75,-1.75,30.0,0.5235987755982988
119,frame_0119.png,0.75,-1.75,45.0,0.7853981633974483
120,frame_0120.png,0.75,-1.5,-45.0,-0.7853981633974483
121,frame_0121.png,0.75,-1.5,-30.0,-0.5235987755982988
122,frame_0122.png,0.75,-1.5,-15.0,-0.2617993877991494
123,frame_0123.png,0.75,-1.5,0.0,0.0
124,frame_0124.png,0.75,-1.5,15.0,0.2617993877991494
125,frame_0125.png,0.75,-1.5,30.0,0.5235987755982988
126,frame_0126.png,0.75,-1.5,45.0,0.7853981633974483
127,frame_0127.png,0.75,-1.25,-45.0,-0.7853981633974483
128,frame_0128.png,0.75,-1.25,-30.0,-0.5235987755982988
129,frame_0129.png,0.75,-1.25,-15.0,-0.2617993877991494
130,frame_0130.png,0.75,-1.25,0.0,0.0
131,frame_0131.png,0.75,-1.25,15.0,0.2617993877991494
132,frame_0132.png,0.75,-1.25,30.0,0.5235987755982988
133,frame_0133.png,0.75,-1.25,45.0,0.7853981633974483
134,frame_0134.png,0.75,-1.0,-45.0,-0.7853981633974483
135,frame_0135.png,0.75,-1.0,-30.0,-0.5235987755982988
136,frame_0136.png,0.75,-1.0,-15.0,-0.2617993877991494
137,frame_0137.png,0.75,-1.0,0.0,0.0
138,frame_0138.png,0.75,-1.0,15.0,0.2617993877991494
139,frame_0139.png,0.75,-1.0,30.0,0.5235987755982988
140,frame_0140.png,0.75,-1.0,45.0,0.7853981633974483
141,frame_0141.png,1.0,-2.0,-45.0,-0.7853981633974483
142,frame_0142.png,1.0,-2.0,-30.0,-0.5235987755982988
143,frame_0143.png,1.0,-2.0,-15.0,-0.2617993877991494
144,frame_0144.png,1.0,-2.0,0.0,0.0
145,frame_0145.png,1.0,-2.0,15.0,0.2617993877991494
146,frame_0146.png,1.0,-2.0,30.0,0.5235987755982988
147,frame_0147.png,1.0,-2.0,45.0,0.7853981633974483
148,frame_0148.png,1.0,-1.75,-45.0,-0.7853981633974483
149,frame_0149.png,1.0,-1.75,-30.0,-0.5235987755982988
150,frame_0150.png,1.0,-1.75,-15.0,-0.2617993877991494
151,frame_0151.png,1.0,-1.75,0.0,0.0
152,frame_0152.png,1.0,-1.75,15.0,0.2617993877991494
153,frame_0153.png,1.0,-1.75,30.0,0.5235987755982988
154,frame_0154.png,1.0,-1.75,45.0,0.7853981633974483
155,frame_0155.png,1.0,-1.5,-45.0,-0.7853981633974483
156,frame_0156.png,1.0,-1.5,-30.0,-0.5235987755982988
157,frame_0157.png,1.0,-1.5,-15.0,-0.2617993877991494
158,frame_0158.png,1.0,-1.5,0.0,0.0
159,frame_0159.png,1.0,-1.5,15.0,0.2617993877991494
160,frame_0160.png,1.0,-1.5,30.0,0.5235987755982988
161,frame_0161.png,1.0,-1.5,45.0,0.7853981633974483
162,frame_0162.png,1.0,-1.25,-45.0,-0.7853981633974483
163,frame_0163.png,1.0,-1.25,-30.0,-0.5235987755982988
164,frame_0164.png,1.0,-1.25,-15.0,-0.2617993877991494
165,frame_0165.png,1.0,-1.25,0.0,0.0
166,frame_0166.png,1.0,-1.25,15.0,0.2617993877991494
167,frame_0167.png,1.0,-1.25,30.0,0.5235987755982988
168,frame_0168.png,1.0,-1.25,45.0,0.7853981633974483
169,frame_0169.png,1.0,-1.0,-45.0,-0.7853981633974483
170,frame_0170.png,1.0,-1.0,-30.0,-0.5235987755982988
171,frame_0171.png,1.0,-1.0,-15.0,-0.2617993877991494
172,frame_0172.png,1.0,-1.0,0.0,0.0
173,frame_0173.png,1.0,-1.0,15.0,0.2617993877991494
174,frame_0174.png,1.0,-1.0,30.0,0.5235987755982988
175,frame_0175.png,1.0,-1.0,45.0,0.7853981633974483
