sample_id,x,y,theta_deg,theta_rad
1,0.0,-2.0,-45.0,-0.785398
2,0.0,-2.0,-30.0,-0.523599
3,0.0,-2.0,-15.0,-0.261799
4,0.0,-2.0,0.0,0.0
5,0.0,-2.0,15.0,0.261799
6,0.0,-2.0,30.0,0.523599
7,0.0,-2.0,45.0,0.785398
8,0.0,-1.75,-45.0,-0.785398
9,0.0,-1.75,-30.0,-0.523599
10,0.0,-1.75,-15.0,-0.261799
11,0.0,-1.75,0.0,0.0
12,0.0,-1.75,15.0,0.261799
13,0.0,-1.75,30.0,0.523599
14,0.0,-1.75,45.0,0.785398
15,0.0,-1.5,-45.0,-0.785398
16,0.0,-1.5,-30.0,-0.523599
17,0.0,-1.5,-15.0,-0.261799
18,0.0,-1.5,0.0,0.0
19,0.0,-1.5,15.0,0.261799
20,0.0,-1.5,30.0,0.523599
21,0.0,-1.5,45.0,0.785398
22,0.0,-1.25,-45.0,-0.785398
23,0.0,-1.25,-30.0,-0.523599
24,0.0,-1.25,-15.0,-0.261799
25,0.0,-1.25,0.0,0.0
26,0.0,-1.25,15.0,0.261799
27,0.0,-1.25,30.0,0.523599
28,0.0,-1.25,45.0,0.785398
29,0.0,-1.0,-45.0,-0.785398
30,0.0,-1.0,-30.0,-0.523599
31,0.0,-1.0,-15.0,-0.261799
32,0.0,-1.0,0.0,0.0
33,0.0,-1.0,15.0,0.261799
34,0.0,-1.0,30.0,0.523599
35,0.0,-1.0,45.0,0.785398
36,0.25,-2.0,-45.0,-0.785398
37,0.25,-2.0,-30.0,-0.523599
38,0.25,-2.0,-15.0,-0.261799
39,0.25,-2.0,0.0,0.0
40,0.25,-2.0,15.0,0.261799
41,0.25,-2.0,30.0,0.523599
42,0.25,-2.0,45.0,0.785398
43,0.25,-1.75,-45.0,-0.785398
44,0.25,-1.75,-30.0,-0.523599
45,0.25,-1.75,-15.0,-0.261799
46,0.25,-1.75,0.0,0.0
47,0.25,-1.75,15.0,0.261799
48,0.25,-1.75,30.0,0.523599
49,0.25,-1.75,45.0,0.785398
50,0.25,-1.5,-45.0,-0.785398
51,0.25,-1.5,-30.0,-0.523599
52,0.25,-1.5,-15.0,-0.261799
53,0.25,-1.5,0.0,0.0
54,0.25,-1.5,15.0,0.261799
55,0.25,-1.5,30.0,0.523599
56,0.25,-1.5,45.0,0.785398
57,0.25,-1.25,-45.0,-0.785398
58,0.25,-1.25,-30.0,-0.523599
59,0.25,-1.25,-15.0,-0.261799
60,0.25,-1.25,0.0,0.0
61,0.25,-1.25,15.0,0.261799
62,0.25,-1.25,30.0,0.523599
63,0.25,-1.25,45.0,0.785398
64,0.25,-1.0,-45.0,-0.785398
65,0.25,-1.0,-30.0,-0.523599
66,0.25,-1.0,-15.0,-0.261799
67,0.25,-1.0,0.0,0.0
68,0.25,-1.0,15.0,0.261799
69,0.25,-1.0,30.0,0.523599
70,0.25,-1.0,45.0,0.785398
71,0.5,-2.0,-45.0,-0.785398
72,0.5,-2.0,-30.0,-0.523599
73,0.5,-2.0,-15.0,-0.261799
74,0.5,-2.0,0.0,0.0
75,0.5,-2.0,15.0,0.261799
76,0.5,-2.0,30.0,0.523599
77,0.5,-2.0,45.0,0.785398
78,0.5,-1.75,-45.0,-0.785398
79,0.5,-1.75,-30.0,-0.523599
80,0.5,-1.75,-15.0,-0.261799
81,0.5,-1.75,0.0,0.0
82,0.5,-1.75,15.0,0.261799
83,0.5,-1.75,30.0,0.523599
84,0.5,-1.75,45.0,0.785398
85,0.5,-1.5,-45.0,-0.785398
86,0.5,-1.5,-30.0,-0.523599
87,0.5,-1.5,-15.0,-0.261799
88,0.5,-1.5,0.0,0.0
89,0.5,-1.5,15.0,0.261799
90,0.5,-1.5,30.0,0.523599
91,0.5,-1.5,45.0,0.785398
92,0.5,-1.25,-45.0,-0.785398
93,0.5,-1.25,-30.0,-0.523599
94,0.5,-1.25,-15.0,-0.261799
95,0.5,-1.25,0.0,0.0
96,0.5,-1.25,15.0,0.261799
97,0.5,-1.25,30.0,0.523599
98,0.5,-1.25,45.0,0.785398
99,0.5,-1.0,-45.0,-0.785398
100,0.5,-1.0,-30.0,-0.523599
101,0.5,-1.0,-15.0,-0.261799
102,0.5,-1.0,0.0,0.0
103,0.5,-1.0,15.0,0.261799
104,0.5,-1.0,30.0,0.523599
105,0.5,-1.0,45.0,0.785398
106,0.75,-2.0,-45.0,-0.785398
107,0.75,-2.0,-30.0,-0.523599
108,0.75,-2.0,-15.0,-0.261799
109,0.75,-2.0,0.0,0.0
110,0.75,-2.0,15.0,0.261799
111,0.75,-2.0,30.0,0.523599
112,0.75,-2.0,45.0,0.785398
113,0.75,-1.75,-45.0,-0.785398
114,0.75,-1.75,-30.0,-0.523599
115,0.75,-1.75,-15.0,-0.261799
116,0.75,-1.75,0.0,0.0
117,0.75,-1.75,15.0,0.261799
118,0.75,-1.75,30.0,0.523599
119,0.75,-1.75,45.0,0.785398
120,0.75,-1.5,-45.0,-0.785398
121,0.75,-1.5,-30.0,-0.523599
122,0.75,-1.5,-15.0,-0.261799
123,0.75,-1.5,0.0,0.0
124,0.75,-1.5,15.0,0.261799
125,0.75,-1.5,30.0,0.523599
126,0.75,-1.5,45.0,0.785398
127,0.75,-1.25,-45.0,-0.785398
128,0.75,-1.25,-30.0,-0.523599
129,0.75,-1.25,-15.0,-0.261799
130,0.75,-1.25,0.0,0.0
131,0.75,-1.25,15.0,0.261799
132,0.75,-1.25,30.0,0.523599
133,0.75,-1.25,45.0,0.785398
134,0.75,-1.0,-45.0,-0.785398
135,0.75,-1.0,-30.0,-0.523599
136,0.75,-1.0,-15.0,-0.261799
137,0.75,-1.0,0.0,0.0
138,0.75,-1.0,15.0,0.261799
139,0.75,-1.0,30.0,0.523599
140,0.75,-1.0,45.0,0.785398
141,1.0,-2.0,-45.0,-0.785398
142,1.0,-2.0,-30.0,-0.523599
143,1.0,-2.0,-15.0,-0.261799
144,1.0,-2.0,0.0,0.0
145,1.0,-2.0,15.0,0.261799
146,1.0,-2.0,30.0,0.523599
147,1.0,-2.0,45.0,0.785398
148,1.0,-1.75,-45.0,-0.785398
149,1.0,-1.75,-30.0,-0.523599
150,1.0,-1.75,-15.0,-0.261799
151,1.0,-1.75,0.0,0.0
152,1.0,-1.75,15.0,0.261799
153,1.0,-1.75,30.0,0.523599
154,1.0,-1.75,45.0,0.785398
155,1.0,-1.5,-45.0,-0.785398
156,1.0,-1.5,-30.0,-0.523599
157,1.0,-1.5,-15.0,-0.261799
158,1.0,-1.5,0.0,0.0
159,1.0,-1.5,15.0,0.261799
160,1.0,-1.5,30.0,0.523599
161,1.0,-1.5,45.0,0.785398
162,1.0,-1.25,-45.0,-0.785398
163,1.0,-1.25,-30.0,-0.523599
164,1.0,-1.25,-15.0,-0.261799
165,1.0,-1.25,0.0,0.0
166,1.0,-1.25,15.0,0.261799
167,1.0,-1.25,30.0,0.523599
168,1.0,-1.25,45.0,0.785398
169,1.0,-1.0,-45.0,-0.785398
170,1.0,-1.0,-30.0,-0.523599
171,1.0,-1.0,-15.0,-0.261799
172,1.0,-1.0,0.0,0.0
173,1.0,-1.0,15.0,0.261799
174,1.0,-1.0,30.0,0.523599
175,1.0,-1.0,45.0,0.785398
